date,A,B,z_min,xi,H_norm,Rb
2016-06-08,489.83,327.0,40.771,146.7026,0.994018,0.047397
2016-10-20,611.74,395.0,41.005,197.995,0.994051,0.039332
2017-05-11,522.3,386.0,40.959,189.123,0.983709,0.049146
2017-09-05,187.27,349.0,41.845,302.1645,0.979861,0.045862
2018-09-13,424.56,365.0,41.236,206.9161,0.993829,0.042058
2019-04-13,743.44,377.0,40.436,147.0359,0.997474,0.072868
2019-10-15,812.79,441.0,39.98,146.0265,0.988351,0.076703
2020-03-19,768.33,392.0,40.46,154.3307,0.992154,0.072369
2021-03-14,626.7,391.0,40.78,176.1261,0.992783,0.072714
