测量日期,A_面积(m^2),B_水面宽(m),xi_宽深比,H_形态熵(nats),z_min_深泓(m)
2016-06-08,1571.93,877.47,489.8176,2.607853,33.652
2016-10-20,720.89,601.87,502.5101,2.315703,40.7924
2017-05-11,953.84,650.83,444.076,2.572337,38.3788
2017-09-05,627.51,627.29,627.0762,2.746052,38.3788
2018-09-13,488.74,470.67,453.27,2.32856,41.2202
2019-04-13,3521.52,966.28,265.1427,2.534325,16.1763
2019-10-15,4263.11,1598.37,599.2805,2.896165,33.1372
2020-03-19,2041.27,1028.35,518.0653,2.502378,35.2418
2021-03-14,1868.96,1007.08,542.655,2.666989,35.2413
