date,kl_divergence,trigger
2016-01-01,0.0,0
2016-01-02,0.0,0
2016-01-03,0.0,0
2016-01-04,0.0,0
2016-01-05,0.0,0
2016-01-06,0.0,0
2016-01-07,0.0,0
2016-01-08,0.0,0
2016-01-09,0.0,0
2016-01-10,0.0,0
2016-01-11,0.0,0
2016-01-12,0.0,0
2016-01-13,0.0,0
2016-01-14,0.0,0
2016-01-15,0.0,0
2016-01-16,0.0,0
2016-01-17,0.0,0
2016-01-18,0.0,0
2016-01-19,0.0,0
2016-01-20,0.0,0
2016-01-21,0.0,0
2016-01-22,0.0,0
2016-01-23,0.0,0
2016-01-24,0.0,0
2016-01-25,0.0,0
2016-01-26,0.0,0
2016-01-27,0.0,0
2016-01-28,0.0,0
2016-01-29,0.0,0
2016-01-30,0.0,0
2016-01-31,0.5336963992607949,1
2016-02-01,0.519611433524207,1
2016-02-02,0.5466551389439243,1
2016-02-03,0.4801058176715097,1
2016-02-04,0.5723635629276982,1
2016-02-05,0.5762186415278997,1
2016-02-06,0.5139393098483002,1
2016-02-07,0.4540324862894874,1
2016-02-08,0.4648136095705676,1
2016-02-09,0.5539261899753845,1
2016-02-10,0.4610885483850943,1
2016-02-11,0.450646598390901,1
2016-02-12,0.48641435671925237,1
2016-02-13,0.47986169020587305,1
2016-02-14,0.47050740849880285,1
2016-02-15,0.4605336937132269,1
2016-02-16,0.5161603757229464,1
2016-02-17,0.5404296624750969,1
2016-02-18,0.5140613585532995,1
2016-02-19,0.5378396880941598,1
2016-02-20,0.6063018553368975,1
2016-02-21,0.5448949210002332,1
2016-02-22,0.5277311454201067,1
2016-02-23,0.5153138682474183,1
2016-02-24,0.49383147633513297,1
2016-02-25,0.4922675737959519,1
2016-02-26,0.4031643419873974,1
2016-02-27,0.38737732644879147,1
2016-02-28,0.47268786746649305,1
2016-02-29,0.472687867466493,1
2016-03-01,0.5030622629407104,1
2016-03-02,0.4278702565625384,1
2016-03-03,0.38014645430399613,1
2016-03-04,0.49269416006391553,1
2016-03-05,0.44223185664453707,1
2016-03-06,0.4234159909441172,1
2016-03-07,0.5438950305284123,1
2016-03-08,0.5007650980016268,1
2016-03-09,0.44751035188454924,1
2016-03-10,0.35034996033517896,1
2016-03-11,0.4193678569970004,1
2016-03-12,0.2888800486024818,1
2016-03-13,0.2770753128794032,1
2016-03-14,0.3208813420567273,1
2016-03-15,0.3059918384570573,1
2016-03-16,0.33085830461218846,1
2016-03-17,0.3060893760949613,1
2016-03-18,0.30340652838174126,1
2016-03-19,0.33089746076676263,1
2016-03-20,0.41995046343499337,1
2016-03-21,0.29944892846624127,1
2016-03-22,0.3531316480202248,1
2016-03-23,0.4762220907886357,1
2016-03-24,0.48441854553569585,1
2016-03-25,0.3492695064306945,1
2016-03-26,0.4592575143863351,1
2016-03-27,0.3943192672353315,1
2016-03-28,0.4010027386903489,1
2016-03-29,0.35922554230373976,1
2016-03-30,0.4028512232365943,1
2016-03-31,0.39126333165826505,1
2016-04-01,0.29607594928483233,1
2016-04-02,0.3390826832537659,1
2016-04-03,0.44484351279218837,1
2016-04-04,0.4463901559909288,1
2016-04-05,0.4936234577887069,1
2016-04-06,0.5273670947465191,1
2016-04-07,0.5503254040993205,1
2016-04-08,0.5425439432555782,1
2016-04-09,0.5935840681485268,1
2016-04-10,0.6278841808534603,1
2016-04-11,0.5652101215068602,1
2016-04-12,0.5059131895918476,1
2016-04-13,0.47482545628097417,1
2016-04-14,0.4711474505670261,1
2016-04-15,0.5828331163872832,1
2016-04-16,0.5526591634736123,1
2016-04-17,0.5357441907156134,1
2016-04-18,0.4481405881004433,1
2016-04-19,0.4135766031667259,1
2016-04-20,0.5030622629272421,1
2016-04-21,0.5008808731478847,1
2016-04-22,0.43032235793504875,1
2016-04-23,0.45816954233737545,1
2016-04-24,0.39126333169723776,1
2016-04-25,0.5037615706680109,1
2016-04-26,0.5449110303006611,1
2016-04-27,0.5187705573929361,1
2016-04-28,0.4856714665255298,1
2016-04-29,0.32951415830890723,1
2016-04-30,0.47357114614278206,1
2016-05-01,0.4206847111496886,1
2016-05-02,0.4379628191184432,1
2016-05-03,0.4164145985003912,1
2016-05-04,0.42814403054764044,1
2016-05-05,0.478574677890794,1
2016-05-06,0.5235359044023875,1
2016-05-07,0.4628152088902437,1
2016-05-08,0.5384478207998364,1
2016-05-09,0.5072969824910435,1
2016-05-10,0.5512478781951679,1
2016-05-11,0.519241689991651,1
2016-05-12,0.544295636965461,1
2016-05-13,0.5736306800791944,1
2016-05-14,0.4938314763634326,1
2016-05-15,0.47857467788759916,1
2016-05-16,0.48809408486320066,1
2016-05-17,0.4785746778875991,1
2016-05-18,0.4873785411277931,1
2016-05-19,0.47554142967055385,1
2016-05-20,0.4512068758869305,1
2016-05-21,0.4241410248787619,1
2016-05-22,0.46995524101091246,1
2016-05-23,0.5287420557924842,1
2016-05-24,0.5287420557924527,1
2016-05-25,0.5575934624463298,1
2016-05-26,0.5690715808069042,1
2016-05-27,0.5793552167256365,1
2016-05-28,0.590410418155324,1
2016-05-29,0.5690715808119209,1
2016-05-30,0.5526591635011504,1
2016-05-31,0.4785746778856131,1
2016-06-01,0.4451326944031471,1
2016-06-02,0.4519864207383809,1
2016-06-03,0.42565820965183004,1
2016-06-04,0.5015832222077693,1
2016-06-05,0.5308540712376041,1
2016-06-06,0.4766984792513744,1
2016-06-07,0.5520524073461816,1
2016-06-08,0.6036857124108158,1
2016-06-09,0.5812833650871608,1
2016-06-10,0.5134996719939868,1
2016-06-11,0.5311235508120132,1
2016-06-12,0.4535347809582249,1
2016-06-13,0.3359150215247768,1
2016-06-14,0.39217498805269346,1
2016-06-15,0.506799228231649,1
2016-06-16,0.4602057549146362,1
2016-06-17,0.350349960371496,1
2016-06-18,0.439560580510083,1
2016-06-19,0.4810293477864675,1
2016-06-20,0.4632859308229388,1
2016-06-21,0.41344865198429104,1
2016-06-22,0.5503254041154362,1
2016-06-23,0.6291887364731907,1
2016-06-24,0.5077419911148172,1
2016-06-25,0.48567146651547677,1
2016-06-26,0.5089552524515714,1
2016-06-27,0.5398091603252804,1
2016-06-28,0.39727500636129826,1
2016-06-29,0.40610260128724684,1
2016-06-30,0.42220028612196797,1
2016-07-01,0.42220028612196797,1
2016-07-02,0.44560880230737443,1
2016-07-03,0.4405102884812923,1
2016-07-04,0.42753715380699553,1
2016-07-05,0.45605012529235467,1
2016-07-06,0.5704472428404403,1
2016-07-07,0.6640290557967794,1
2016-07-08,0.6640290557881459,1
2016-07-09,0.5957483919396236,1
2016-07-10,0.6177070132959323,1
2016-07-11,0.580091228516193,1
2016-07-12,0.5671596148057574,1
2016-07-13,0.47587773816537265,1
2016-07-14,0.47740101652193956,1
2016-07-15,0.45893726057223266,1
2016-07-16,0.5047691479953463,1
2016-07-17,0.5037615705834263,1
2016-07-18,0.5026467232020092,1
2016-07-19,0.5011826647916281,1
2016-07-20,0.5693892439539106,1
2016-07-21,0.5905301454741839,1
2016-07-22,0.5510623665788807,1
2016-07-23,0.526837061924958,1
2016-07-24,0.549716071931057,1
2016-07-25,0.5329127847375708,1
2016-07-26,0.5329127847119879,1
2016-07-27,0.4298365032885007,1
2016-07-28,0.5072969823086235,1
2016-07-29,0.5168737561732578,1
2016-07-30,0.47482545606051046,1
2016-07-31,0.4730545305077252,1
2016-08-01,0.44858508930983215,1
2016-08-02,0.29522222338891446,1
2016-08-03,0.3059918381781461,1
2016-08-04,0.2970360674182054,1
2016-08-05,0.31600214012491695,1
2016-08-06,0.23937636344274338,1
2016-08-07,0.2674913556190793,1
2016-08-08,0.3126511125153156,1
2016-08-09,0.31600214012491695,1
2016-08-10,0.32951415789120303,1
2016-08-11,0.3239681910949773,1
2016-08-12,0.3239681910949773,1
2016-08-13,0.30343545802291827,1
2016-08-14,0.3251904557492976,1
2016-08-15,0.3251904557492976,1
2016-08-16,0.3251904557492976,1
2016-08-17,0.3251904557492976,1
2016-08-18,0.4336006891372603,1
2016-08-19,0.4336006891372603,1
2016-08-20,0.38861747620786263,1
2016-08-21,0.3715564666144148,1
2016-08-22,0.3715564666144148,1
2016-08-23,0.3482178130433337,1
2016-08-24,0.32454069938850344,1
2016-08-25,0.35277483630563183,1
2016-08-26,0.46450140373569143,1
2016-08-27,0.4934869336424005,1
2016-08-28,0.5443415988349036,1
2016-08-29,0.5543788965308794,1
2016-08-30,0.5121326391125965,1
2016-08-31,0.5140490100376226,1
2016-09-01,0.513138228899537,1
2016-09-02,0.4897370535913046,1
2016-09-03,0.5510623666912604,1
2016-09-04,0.4353934399712909,1
2016-09-05,0.42871784639389426,1
2016-09-06,0.4080571900878301,1
2016-09-07,0.6059704412581639,1
2016-09-08,0.5848200474574184,1
2016-09-09,0.4469857469128734,1
2016-09-10,0.43826938769785506,1
2016-09-11,0.35290686461058407,1
2016-09-12,0.32255952045878966,1
2016-09-13,0.46330294481644496,1
2016-09-14,0.45120687587121244,1
2016-09-15,0.4738546779079927,1
2016-09-16,0.35390903270560925,1
2016-09-17,0.41801387415721736,1
2016-09-18,0.46481360961373414,1
2016-09-19,0.42230363355730893,1
2016-09-20,0.49632429794487787,1
2016-09-21,0.4789359086019418,1
2016-09-22,0.4605336937873356,1
2016-09-23,0.4976214537040152,1
2016-09-24,0.4556461044930533,1
2016-09-25,0.43283863659792166,1
2016-09-26,0.4144989757692205,1
2016-09-27,0.4880940848636376,1
2016-09-28,0.4291793892199579,1
2016-09-29,0.40482196708360435,1
2016-09-30,0.44963243330974745,1
2016-10-01,0.4888148068097727,1
2016-10-02,0.4264448404929126,1
2016-10-03,0.4254993863002963,1
2016-10-04,0.41801387416964636,1
2016-10-05,0.3839964887372851,1
2016-10-06,0.3839964887372851,1
2016-10-07,0.36363662960705617,1
2016-10-08,0.40992141931785675,1
2016-10-09,0.4941131625679602,1
2016-10-10,0.4461969257407367,1
2016-10-11,0.5170321289492555,1
2016-10-12,0.43134670842126543,1
2016-10-13,0.5503254041325726,1
2016-10-14,0.4992973157538816,1
2016-10-15,0.3925396827477156,1
2016-10-16,0.47541948384338484,1
2016-10-17,0.48306726977995035,1
2016-10-18,0.5787316733426349,1
2016-10-19,0.5383996924660374,1
2016-10-20,0.436948273457535,1
2016-10-21,0.4350141726057565,1
2016-10-22,0.5058241804518757,1
2016-10-23,0.5181241170525012,1
2016-10-24,0.445706721977686,1
2016-10-25,0.4170281576043376,1
2016-10-26,0.4170281576043376,1
2016-10-27,0.49080929214662145,1
2016-10-28,0.5153986408914096,1
2016-10-29,0.5153986408914097,1
2016-10-30,0.4696590658689134,1
2016-10-31,0.5539855818202436,1
2016-11-01,0.6420281788648852,1
2016-11-02,0.5957483919723603,1
2016-11-03,0.5336963992751614,1
2016-11-04,0.5161603757684163,1
2016-11-05,0.5486822107405134,1
2016-11-06,0.532877749530811,1
2016-11-07,0.5896571731657227,1
2016-11-08,0.47740101658453293,1
2016-11-09,0.46414592213269446,1
2016-11-10,0.42683172236556643,1
2016-11-11,0.3919639031908602,1
2016-11-12,0.4881286969604182,1
2016-11-13,0.4412092619346623,1
2016-11-14,0.49586904277422217,1
2016-11-15,0.49484334370655014,1
2016-11-16,0.407305052238121,1
2016-11-17,0.5064201303757317,1
2016-11-18,0.4820680877294839,1
2016-11-19,0.543880537691154,1
2016-11-20,0.4616014795211742,1
2016-11-21,0.5622456423759362,1
2016-11-22,0.5719688340005609,1
2016-11-23,0.5847941106056427,1
2016-11-24,0.5957483919604345,1
2016-11-25,0.5449110302808775,1
2016-11-26,0.5736306800397931,1
2016-11-27,0.5182774592645212,1
2016-11-28,0.5182774592645212,1
2016-11-29,0.5182774592567903,1
2016-11-30,0.5581018315202848,1
2016-12-01,0.538399692419947,1
2016-12-02,0.5885528612756868,1
2016-12-03,0.5506742772720487,1
2016-12-04,0.45893726061451867,1
2016-12-05,0.4912183083435421,1
2016-12-06,0.46691063124405086,1
2016-12-07,0.43113966576868235,1
2016-12-08,0.4584994481554834,1
2016-12-09,0.5231979262254058,1
2016-12-10,0.4361986566518458,1
2016-12-11,0.47815484629596405,1
2016-12-12,0.4623426636847514,1
2016-12-13,0.5121326391456733,1
2016-12-14,0.523197926233553,1
2016-12-15,0.523197926233553,1
2016-12-16,0.42767469603548597,1
2016-12-17,0.42767469603548597,1
2016-12-18,0.42429839807639574,1
2016-12-19,0.3258907830675322,1
2016-12-20,0.3200483894724896,1
2016-12-21,0.41701078837372463,1
2016-12-22,0.39204783160513923,1
2016-12-23,0.49583138999079807,1
2016-12-24,0.4628152088678607,1
2016-12-25,0.47587773822407997,1
2016-12-26,0.48246632056034505,1
2016-12-27,0.4775035692242943,1
2016-12-28,0.44542748120095105,1
2016-12-29,0.42557880536307724,1
2016-12-30,0.493228817857955,1
2016-12-31,0.3726468805126761,1
2017-01-01,0.457274263826536,1
2017-01-02,0.4778738659563591,1
2017-01-03,0.5037615706752382,1
2017-01-04,0.5910721446827725,1
2017-01-05,0.5438805377101211,1
2017-01-06,0.4731654268787644,1
2017-01-07,0.5157881583184142,1
2017-01-08,0.5273670947704417,1
2017-01-09,0.46917793750833164,1
2017-01-10,0.4781548463403758,1
2017-01-11,0.5663738360095715,1
2017-01-12,0.5007120710838099,1
2017-01-13,0.48809044707458665,1
2017-01-14,0.5416203344900756,1
2017-01-15,0.5234881156995401,1
2017-01-16,0.42262372256079384,1
2017-01-17,0.2934063308668733,1
2017-01-18,0.37825253838647227,1
2017-01-19,0.395804880064008,1
2017-01-20,0.47251372748956144,1
2017-01-21,0.5121326392000392,1
2017-01-22,0.45198642073787737,1
2017-01-23,0.48473058681625364,1
2017-01-24,0.5273670947832108,1
2017-01-25,0.4668382436821041,1
2017-01-26,0.5312793484219605,1
2017-01-27,0.5088888456081407,1
2017-01-28,0.5500653317213873,1
2017-01-29,0.5074600952594842,1
2017-01-30,0.48473058681901166,1
2017-01-31,0.4239490565416833,1
2017-02-01,0.48473058681901166,1
2017-02-02,0.5298019943571982,1
2017-02-03,0.6073702206897965,1
2017-02-04,0.5690715808191238,1
2017-02-05,0.5156106559151521,1
2017-02-06,0.527367094793678,1
2017-02-07,0.4475972003483419,1
2017-02-08,0.48740696049602167,1
2017-02-09,0.5550080669170881,1
2017-02-10,0.5087416852729949,1
2017-02-11,0.5012001791125034,1
2017-02-12,0.5012001791125255,1
2017-02-13,0.4758777382490405,1
2017-02-14,0.42116183517894956,1
2017-02-15,0.40316434201972945,1
2017-02-16,0.32945342998403254,1
2017-02-17,0.49630841594114405,1
2017-02-18,0.6003286307598535,1
2017-02-19,0.620593637320254,1
2017-02-20,0.6656760310205907,1
2017-02-21,0.6840077309853366,1
2017-02-22,0.6840077309790905,1
2017-02-23,0.6840077309728847,1
2017-02-24,0.5762186415277648,1
2017-02-25,0.5981375572861721,1
2017-02-26,0.4778031392390963,1
2017-02-27,0.5228307190049283,1
2017-02-28,0.451169416159226,1
2017-03-01,0.49262556111479305,1
2017-03-02,0.584794110569067,1
2017-03-03,0.5671596148000835,1
2017-03-04,0.5449110302416854,1
2017-03-05,0.5333364203535765,1
2017-03-06,0.5503254040666083,1
2017-03-07,0.5273670947072817,1
2017-03-08,0.5237923905837848,1
2017-03-09,0.5048030939849428,1
2017-03-10,0.5291690302636876,1
2017-03-11,0.48473058673183667,1
2017-03-12,0.4653530150624523,1
2017-03-13,0.4851447278146805,1
2017-03-14,0.4748254562259523,1
2017-03-15,0.4785746777996319,1
2017-03-16,0.4785746777996319,1
2017-03-17,0.5366917277129312,1
2017-03-18,0.5217145130140552,1
2017-03-19,0.5428978168737272,1
2017-03-20,0.588552861233141,1
2017-03-21,0.589813853759873,1
2017-03-22,0.5370347799621445,1
2017-03-23,0.5408328357220249,1
2017-03-24,0.4888148067471277,1
2017-03-25,0.5217145130471685,1
2017-03-26,0.4974374687768331,1
2017-03-27,0.46917793746590947,1
2017-03-28,0.5267312047440184,1
2017-03-29,0.4948433436729841,1
2017-03-30,0.4491298519571857,1
2017-03-31,0.4322982988546094,1
2017-04-01,0.46281520883712296,1
2017-04-02,0.5390698899121158,1
2017-04-03,0.4616014794945739,1
2017-04-04,0.47072289715158755,1
2017-04-05,0.4478790375405705,1
2017-04-06,0.48973705360260844,1
2017-04-07,0.5469007828196525,1
2017-04-08,0.5343863706187206,1
2017-04-09,0.46281520884363697,1
2017-04-10,0.3975500221489811,1
2017-04-11,0.422882253437252,1
2017-04-12,0.36834371098263524,1
2017-04-13,0.4429890580931026,1
2017-04-14,0.48703349489954145,1
2017-04-15,0.5828331163923792,1
2017-04-16,0.5526591634739074,1
2017-04-17,0.5688355111319826,1
2017-04-18,0.581283365060301,1
2017-04-19,0.5588158928183211,1
2017-04-20,0.5501267681009763,1
2017-04-21,0.528232036368162,1
2017-04-22,0.4691779374940994,1
2017-04-23,0.45849944817635574,1
2017-04-24,0.4460100155327833,1
2017-04-25,0.5052976914142031,1
2017-04-26,0.4206847111132953,1
2017-04-27,0.405580241827633,1
2017-04-28,0.4433411763810271,1
2017-04-29,0.5149602488835349,1
2017-04-30,0.47339635678346237,1
2017-05-01,0.6274078280820647,1
2017-05-02,0.6110044677693454,1
2017-05-03,0.645129901038948,1
2017-05-04,0.6640290558335017,1
2017-05-05,0.5812833650745862,1
2017-05-06,0.5951855643412443,1
2017-05-07,0.5812833650705853,1
2017-05-08,0.5449110302987629,1
2017-05-09,0.5416211984315104,1
2017-05-10,0.5563936056207417,1
2017-05-11,0.5277477786361199,1
2017-05-12,0.4748254562909506,1
2017-05-13,0.5196114335385762,1
2017-05-14,0.5037615706648833,1
2017-05-15,0.493831476348398,1
2017-05-16,0.5526591634822138,1
2017-05-17,0.4952313036174312,1
2017-05-18,0.5074600952394014,1
2017-05-19,0.4824663205645781,1
2017-05-20,0.3982026030759011,1
2017-05-21,0.3952338573110525,1
2017-05-22,0.45198642072094974,1
2017-05-23,0.4507435333591684,1
2017-05-24,0.4298365035443478,1
2017-05-25,0.5187705573910188,1
2017-05-26,0.5831640779437226,1
2017-05-27,0.5583939608764266,1
2017-05-28,0.4597882421014906,1
2017-05-29,0.3728713026763491,1
2017-05-30,0.44601001556093084,1
2017-05-31,0.3906856711204566,1
2017-06-01,0.5096133235804113,1
2017-06-02,0.465353015146822,1
2017-06-03,0.507460095253535,1
2017-06-04,0.5065990501634553,1
2017-06-05,0.550126768129276,1
2017-06-06,0.5666125431882871,1
2017-06-07,0.605066851660721,1
2017-06-08,0.5516431449264172,1
2017-06-09,0.5287420557917608,1
2017-06-10,0.49252433907802673,1
2017-06-11,0.493831476358115,1
2017-06-12,0.5106247911329715,1
2017-06-13,0.5107120474054797,1
2017-06-14,0.5107120474054797,1
2017-06-15,0.5072969824888237,1
2017-06-16,0.5774620990596496,1
2017-06-17,0.5700511870121937,1
2017-06-18,0.6100431469378851,1
2017-06-19,0.5812833650927952,1
2017-06-20,0.48859116440759826,1
2017-06-21,0.562259661891357,1
2017-06-22,0.48206808776521604,1
2017-06-23,0.428144030545713,1
2017-06-24,0.4898531291427526,1
2017-06-25,0.5357441907408088,1
2017-06-26,0.5721725778063851,1
2017-06-27,0.5526591634952281,1
2017-06-28,0.5134825772923192,1
2017-06-29,0.4617807334217074,1
2017-06-30,0.42683172238917105,1
2017-07-01,0.39495722876444667,1
2017-07-02,0.4840386877624737,1
2017-07-03,0.4691779375237173,1
2017-07-04,0.5357441907420819,1
2017-07-05,0.5121326391986482,1
2017-07-06,0.5632425357298728,1
2017-07-07,0.4758777382370831,1
2017-07-08,0.5479960901605777,1
2017-07-09,0.5380575104371492,1
2017-07-10,0.43568057907346797,1
2017-07-11,0.4963242979141248,1
2017-07-12,0.4369482734396242,1
2017-07-13,0.5249359170891718,1
2017-07-14,0.46535301512291416,1
2017-07-15,0.5157881582973505,1
2017-07-16,0.5416211984203106,1
2017-07-17,0.5904104181236236,1
2017-07-18,0.5736306800478069,1
2017-07-19,0.5717186071802146,1
2017-07-20,0.5671441375450474,1
2017-07-21,0.4584994481805454,1
2017-07-22,0.36460345315591813,1
2017-07-23,0.36228333489629444,1
2017-07-24,0.4193490604616403,1
2017-07-25,0.44787903756611824,1
2017-07-26,0.4366800192874636,1
2017-07-27,0.41506520711705724,1
2017-07-28,0.41221792176916094,1
2017-07-29,0.4206847111091743,1
2017-07-30,0.44379447054806326,1
2017-07-31,0.46846306842993907,1
2017-08-01,0.47517294870198057,1
2017-08-02,0.5224783406927562,1
2017-08-03,0.4948433436980978,1
2017-08-04,0.5588158928153601,1
2017-08-05,0.616485249154186,1
2017-08-06,0.5948059808546253,1
2017-08-07,0.5719688339693041,1
2017-08-08,0.5863619785887789,1
2017-08-09,0.521039301237424,1
2017-08-10,0.439044430328796,1
2017-08-11,0.4437564004218629,1
2017-08-12,0.4685384280353347,1
2017-08-13,0.4613970087295558,1
2017-08-14,0.45641859504542137,1
2017-08-15,0.543831247435064,1
2017-08-16,0.4854274192109993,1
2017-08-17,0.48507098342178523,1
2017-08-18,0.47463733978198436,1
2017-08-19,0.450922716790389,1
2017-08-20,0.4914756217199292,1
2017-08-21,0.5048505281710526,1
2017-08-22,0.4556837098031968,1
2017-08-23,0.4556837098031968,1
2017-08-24,0.4556837098031968,1
2017-08-25,0.48835255110371106,1
2017-08-26,0.4414712876288028,1
2017-08-27,0.40627284623037346,1
2017-08-28,0.40627284623037346,1
2017-08-29,0.406392997066318,1
2017-08-30,0.38517100814567773,1
2017-08-31,0.4002920543712377,1
2017-09-01,0.376722140650963,1
2017-09-02,0.40604600158160187,1
2017-09-03,0.34614626176177354,1
2017-09-04,0.3246038652133898,1
2017-09-05,0.4368729709461303,1
2017-09-06,0.27581775200555936,1
2017-09-07,0.4067042711872571,1
2017-09-08,0.4664435672990049,1
2017-09-09,0.5277477786542679,1
2017-09-10,0.5955081571866607,1
2017-09-11,0.6074096451711806,1
2017-09-12,0.6188266893106839,1
2017-09-13,0.5277477786495935,1
2017-09-14,0.5217145130907614,1
2017-09-15,0.5026467232884165,1
2017-09-16,0.48766579098554313,1
2017-09-17,0.4733963567859886,1
2017-09-18,0.39523385731715055,1
2017-09-19,0.47339635678112385,1
2017-09-20,0.5037615706725886,1
2017-09-21,0.4888148068046234,1
2017-09-22,0.3982026030829991,1
2017-09-23,0.460025887328899,1
2017-09-24,0.45612422503288746,1
2017-09-25,0.43796281910679785,1
2017-09-26,0.506599050158467,1
2017-09-27,0.5093988124641663,1
2017-09-28,0.5026467232912952,1
2017-09-29,0.4785746778801849,1
2017-09-30,0.5059131896191139,1
2017-10-01,0.5224632537672044,1
2017-10-02,0.511036053987391,1
2017-10-03,0.4556288045647214,1
2017-10-04,0.49884477385008996,1
2017-10-05,0.486569546987092,1
2017-10-06,0.41002162506641293,1
2017-10-07,0.3263019247071028,1
2017-10-08,0.47694422579993795,1
2017-10-09,0.4769442257947435,1
2017-10-10,0.4337226518077947,1
2017-10-11,0.45186934576264676,1
2017-10-12,0.5797449165237101,1
2017-10-13,0.665676031028923,1
2017-10-14,0.6161640563385483,1
2017-10-15,0.6110044677578204,1
2017-10-16,0.47932029876594107,1
2017-10-17,0.3840176252969293,1
2017-10-18,0.42989470299799654,1
2017-10-19,0.40522728348962495,1
2017-10-20,0.4277306836354905,1
2017-10-21,0.3891805173440241,1
2017-10-22,0.4793202987571236,1
2017-10-23,0.5690715807779578,1
2017-10-24,0.46163563103955374,1
2017-10-25,0.4532564604494204,1
2017-10-26,0.44484351279398476,1
2017-10-27,0.436300797762818,1
2017-10-28,0.46209049654166,1
2017-10-29,0.47979125658611305,1
2017-10-30,0.5213753542371277,1
2017-10-31,0.5648702259552534,1
2017-11-01,0.6110044677368733,1
2017-11-02,0.5831640779248757,1
2017-11-03,0.5831640779250484,1
2017-11-04,0.537034779994781,1
2017-11-05,0.595748391948292,1
2017-11-06,0.5719361911818505,1
2017-11-07,0.5663738359848883,1
2017-11-08,0.5498809043807981,1
2017-11-09,0.47191316740709144,1
2017-11-10,0.5011826648365317,1
2017-11-11,0.5033627467810242,1
2017-11-12,0.5390698899259804,1
2017-11-13,0.5051338803871471,1
2017-11-14,0.4352653440944379,1
2017-11-15,0.4311396657914882,1
2017-11-16,0.5182774592774206,1
2017-11-17,0.5581018315422852,1
2017-11-18,0.595748391963647,1
2017-11-19,0.5121326391716831,1
2017-11-20,0.5469007828386507,1
2017-11-21,0.6073702206415785,1
2017-11-22,0.5526591634613884,1
2017-11-23,0.49743746879000456,1
2017-11-24,0.5298019943052751,1
2017-11-25,0.4774010165673165,1
2017-11-26,0.4577132481595279,1
2017-11-27,0.4751018199540523,1
2017-11-28,0.466838243637078,1
2017-11-29,0.4322982988762908,1
2017-11-30,0.47191316742522027,1
2017-12-01,0.4424789311039757,1
2017-12-02,0.491031924293036,1
2017-12-03,0.4862261312116423,1
2017-12-04,0.42736052732872826,1
2017-12-05,0.5030958452584968,1
2017-12-06,0.5577576042606228,1
2017-12-07,0.5860478015348018,1
2017-12-08,0.5671596148310885,1
2017-12-09,0.556048320824639,1
2017-12-10,0.5860478015286052,1
2017-12-11,0.556048320818075,1
2017-12-12,0.4629939928058576,1
2017-12-13,0.42814403050501226,1
2017-12-14,0.4311396657863362,1
2017-12-15,0.47857467785195773,1
2017-12-16,0.5235359043576602,1
2017-12-17,0.5793552166819842,1
2017-12-18,0.5072969824524334,1
2017-12-19,0.519241689950843,1
2017-12-20,0.5573525311665136,1
2017-12-21,0.5723773345858358,1
2017-12-22,0.4938314763239474,1
2017-12-23,0.5201108870237572,1
2017-12-24,0.5249359170749491,1
2017-12-25,0.5645440885304025,1
2017-12-26,0.6324336070973492,1
2017-12-27,0.651701055055022,1
2017-12-28,0.630926665601813,1
2017-12-29,0.5831640779109692,1
2017-12-30,0.5615499478984304,1
2017-12-31,0.5831640779048187,1
2018-01-01,0.5370347799727863,1
2018-01-02,0.5506742772528228,1
2018-01-03,0.5573525311336833,1
2018-01-04,0.5333364203793295,1
2018-01-05,0.44912985196574784,1
2018-01-06,0.47740101655449046,1
2018-01-07,0.4967111010758554,1
2018-01-08,0.45849944815616406,1
2018-01-09,0.46535301509166144,1
2018-01-10,0.48473058675988373,1
2018-01-11,0.4824663205288691,1
2018-01-12,0.5498809043739292,1
2018-01-13,0.5346960316005187,1
2018-01-14,0.52666703924279,1
2018-01-15,0.5838340176379956,1
2018-01-16,0.5525634190597225,1
2018-01-17,0.5311235507815194,1
2018-01-18,0.5390698899347613,1
2018-01-19,0.5847941106084081,1
2018-01-20,0.6324336071063523,1
2018-01-21,0.5957483919562808,1
2018-01-22,0.5583581607395374,1
2018-01-23,0.5357441907135697,1
2018-01-24,0.5217145130729853,1
2018-01-25,0.5615499479281051,1
2018-01-26,0.5192416899719289,1
2018-01-27,0.5632425357196849,1
2018-01-28,0.478574677866707,1
2018-01-29,0.478574677866707,1
2018-01-30,0.5433758667835091,1
2018-01-31,0.541621198429641,1
2018-02-01,0.5746078217011075,1
2018-02-02,0.5500653316919095,1
2018-02-03,0.49586904277248783,1
2018-02-04,0.4481405881009629,1
2018-02-05,0.40937008791915513,1
2018-02-06,0.45076102075812324,1
2018-02-07,0.4900749277480269,1
2018-02-08,0.5176304031262677,1
2018-02-09,0.4451326943541344,1
2018-02-10,0.49711128233646684,1
2018-02-11,0.4900749277239548,1
2018-02-12,0.5304921635806101,1
2018-02-13,0.5192416899346965,1
2018-02-14,0.5442956368964649,1
2018-02-15,0.6055791851924998,1
2018-02-16,0.5012001790297327,1
2018-02-17,0.5609066112518201,1
2018-02-18,0.4989107226695309,1
2018-02-19,0.46439831113489083,1
2018-02-20,0.4589372605702603,1
2018-02-21,0.412724517009972,1
2018-02-22,0.3765975282421896,1
2018-02-23,0.4037241480368166,1
2018-02-24,0.4912183082935217,1
2018-02-25,0.4600258872338463,1
2018-02-26,0.5499148563381968,1
2018-02-27,0.6205936372461877,1
2018-02-28,0.5831640778700773,1
2018-03-01,0.5311235507086021,1
2018-03-02,0.5425439431921774,1
2018-03-03,0.5539261899257001,1
2018-03-04,0.5829186567637694,1
2018-03-05,0.5428978168527604,1
2018-03-06,0.5866894230794009,1
2018-03-07,0.49262556108791117,1
2018-03-08,0.46439831111498414,1
2018-03-09,0.5442956368559626,1
2018-03-10,0.5026467231783732,1
2018-03-11,0.4938314762289609,1
2018-03-12,0.49155421228231394,1
2018-03-13,0.48473058669179764,1
2018-03-14,0.5287420556702292,1
2018-03-15,0.5121326390691022,1
2018-03-16,0.5127789383769636,1
2018-03-17,0.4448435127146,1
2018-03-18,0.43362394145935435,1
2018-03-19,0.4032263911120763,1
2018-03-20,0.48276281100905066,1
2018-03-21,0.48276281100879087,1
2018-03-22,0.5904104180738747,1
2018-03-23,0.5671441374935824,1
2018-03-24,0.5671441374935824,1
2018-03-25,0.5266670391966333,1
2018-03-26,0.4467608134646221,1
2018-03-27,0.3581049818081261,1
2018-03-28,0.41399455177208505,1
2018-03-29,0.3925597629182564,1
2018-03-30,0.39204783158370865,1
2018-03-31,0.42934746835305915,1
2018-04-01,0.42032512615393897,1
2018-04-02,0.38978354749189426,1
2018-04-03,0.41496421665091215,1
2018-04-04,0.5602947180333506,1
2018-04-05,0.5717186071714814,1
2018-04-06,0.5483320701049642,1
2018-04-07,0.5110360539538724,1
2018-04-08,0.4989107227307658,1
2018-04-09,0.5383996924404987,1
2018-04-10,0.5375882050092713,1
2018-04-11,0.4896810539156889,1
2018-04-12,0.46234266370980953,1
2018-04-13,0.4756480130199107,1
2018-04-14,0.3696991982760799,1
2018-04-15,0.3524162363020211,1
2018-04-16,0.49075831662607516,1
2018-04-17,0.5015832221655036,1
2018-04-18,0.47857467784310637,1
2018-04-19,0.46535301510706956,1
2018-04-20,0.4861335174270719,1
2018-04-21,0.573046129515019,1
2018-04-22,0.5033627467884986,1
2018-04-23,0.4912183083628016,1
2018-04-24,0.5762620573723274,1
2018-04-25,0.5957483919710943,1
2018-04-26,0.5231194003637498,1
2018-04-27,0.5383996924405297,1
2018-04-28,0.551247878164503,1
2018-04-29,0.5413689988236383,1
2018-04-30,0.5421881870050338,1
2018-05-01,0.5740242662082682,1
2018-05-02,0.6238416763151526,1
2018-05-03,0.6309266656138064,1
2018-05-04,0.574607821678881,1
2018-05-05,0.5904104181163229,1
2018-05-06,0.5346960316075254,1
2018-05-07,0.5206381099079544,1
2018-05-08,0.5438805376762164,1
2018-05-09,0.4904666594722304,1
2018-05-10,0.4466851605307381,1
2018-05-11,0.5539261899933255,1
2018-05-12,0.5282320363580735,1
2018-05-13,0.49103192427414316,1
2018-05-14,0.4178757171956379,1
2018-05-15,0.42975787125256876,1
2018-05-16,0.41045280620359015,1
2018-05-17,0.4491298519817127,1
2018-05-18,0.4824663205438121,1
2018-05-19,0.5273670947471167,1
2018-05-20,0.588552861283253,1
2018-05-21,0.5812833650570643,1
2018-05-22,0.5072969824586285,1
2018-05-23,0.4948433437039488,1
2018-05-24,0.5252866468315002,1
2018-05-25,0.5665528944414232,1
2018-05-26,0.5346960316096439,1
2018-05-27,0.5182774592670514,1
2018-05-28,0.5002011712286687,1
2018-05-29,0.5270802957372882,1
2018-05-30,0.5189334852977529,1
2018-05-31,0.4873785410900269,1
2018-06-01,0.4254616323614128,1
2018-06-02,0.364603453169817,1
2018-06-03,0.364603453169817,1
2018-06-04,0.3958048800432515,1
2018-06-05,0.3530086621898905,1
2018-06-06,0.40757330015539944,1
2018-06-07,0.5084780808875077,1
2018-06-08,0.47857467785365465,1
2018-06-09,0.41534742153068815,1
2018-06-10,0.46439831119306935,1
2018-06-11,0.44912985199345956,1
2018-06-12,0.41534742153054105,1
2018-06-13,0.3731854267673379,1
2018-06-14,0.35274857620791883,1
2018-06-15,0.4456904703952057,1
2018-06-16,0.43694827342693,1
2018-06-17,0.49743746880258505,1
2018-06-18,0.5726990112167207,1
2018-06-19,0.6092097079892527,1
2018-06-20,0.5885528612852943,1
2018-06-21,0.5812833650533232,1
2018-06-22,0.5774620990190098,1
2018-06-23,0.5420930630181499,1
2018-06-24,0.5026467232688985,1
2018-06-25,0.5357441907216722,1
2018-06-26,0.46535301512536525,1
2018-06-27,0.5163835123257547,1
2018-06-28,0.4722794933323841,1
2018-06-29,0.535744190721715,1
2018-06-30,0.535744190721715,1
2018-07-01,0.42983650351695174,1
2018-07-02,0.4436821081849073,1
2018-07-03,0.430167188496308,1
2018-07-04,0.4198872891812118,1
2018-07-05,0.5064201303390908,1
2018-07-06,0.46335037293181813,1
2018-07-07,0.46968424550594084,1
2018-07-08,0.3648647003774197,1
2018-07-09,0.46968424544124,1
2018-07-10,0.4189834956183602,1
2018-07-11,0.4580496262718521,1
2018-07-12,0.47616462601371506,1
2018-07-13,0.4336392622100724,1
2018-07-14,0.5092794576417573,1
2018-07-15,0.5065102964200727,1
2018-07-16,0.4642030729051963,1
2018-07-17,0.4264242554756368,1
2018-07-18,0.4264242554756368,1
2018-07-19,0.3852398750287151,1
2018-07-20,0.38812065456113154,1
2018-07-21,0.41878352428747073,1
2018-07-22,0.3996639091835227,1
2018-07-23,0.45580606714744776,1
2018-07-24,0.43439412133334143,1
2018-07-25,0.41721753569348113,1
2018-07-26,0.46790470776803084,1
2018-07-27,0.3749545783034015,1
2018-07-28,0.4910319239350713,1
2018-07-29,0.47191316705499137,1
2018-07-30,0.4412092616065259,1
2018-07-31,0.4862261308476115,1
2018-08-01,0.4900749274515605,1
2018-08-02,0.5224783404107345,1
2018-08-03,0.43713968496910677,1
2018-08-04,0.500497292167141,1
2018-08-05,0.42234784103325085,1
2018-08-06,0.5312793481233301,1
2018-08-07,0.5291690300857219,1
2018-08-08,0.52171451286061,1
2018-08-09,0.49743746858261884,1
2018-08-10,0.5074600950135538,1
2018-08-11,0.5033627465677182,1
2018-08-12,0.41045280598251194,1
2018-08-13,0.40558024156500516,1
2018-08-14,0.41195269803637113,1
2018-08-15,0.47857467772776047,1
2018-08-16,0.44627266119908376,1
2018-08-17,0.3925597627070139,1
2018-08-18,0.4031643418031996,1
2018-08-19,0.4060751132889406,1
2018-08-20,0.46281520865123277,1
2018-08-21,0.4412092617157816,1
2018-08-22,0.36969919803662266,1
2018-08-23,0.37278065441913183,1
2018-08-24,0.3911079271338704,1
2018-08-25,0.4592967736244356,1
2018-08-26,0.4600258871460724,1
2018-08-27,0.5171285537477379,1
2018-08-28,0.5690715805692497,1
2018-08-29,0.5516431446839885,1
2018-08-30,0.46535301486772573,1
2018-08-31,0.4511868868431122,1
2018-09-01,0.47411910224754816,1
2018-09-02,0.5192568702377243,1
2018-09-03,0.517128553665543,1
2018-09-04,0.5072969821862672,1
2018-09-05,0.5096133232827675,1
2018-09-06,0.5421275024695104,1
2018-09-07,0.4974374685222961,1
2018-09-08,0.5110360536487714,1
2018-09-09,0.47622446247580374,1
2018-09-10,0.4762244624758038,1
2018-09-11,0.46535301477477553,1
2018-09-12,0.4707228968023897,1
2018-09-13,0.4790953899816252,1
2018-09-14,0.5237923902490286,1
2018-09-15,0.5048030936400908,1
2018-09-16,0.40785917469208766,1
2018-09-17,0.45820641453173583,1
2018-09-18,0.47268786711068944,1
2018-09-19,0.4126835640860624,1
2018-09-20,0.4126835640860624,1
2018-09-21,0.5277477783697689,1
2018-09-22,0.48703349461579076,1
2018-09-23,0.4696057941927686,1
2018-09-24,0.4686564790335139,1
2018-09-25,0.47059793659102567,1
2018-09-26,0.48086545661287694,1
2018-09-27,0.43148055172272265,1
2018-09-28,0.41997136505545024,1
2018-09-29,0.5104090720741815,1
2018-09-30,0.502807410323217,1
2018-10-01,0.4775701981171872,1
2018-10-02,0.4841538792501158,1
2018-10-03,0.36128534033020254,1
2018-10-04,0.4180947149402671,1
2018-10-05,0.5778682658299568,1
2018-10-06,0.5523548982248229,1
2018-10-07,0.5442480255836571,1
2018-10-08,0.5392396701110518,1
2018-10-09,0.5957483918233643,1
2018-10-10,0.630926665461793,1
2018-10-11,0.5252866466688129,1
2018-10-12,0.49383147616559847,1
2018-10-13,0.5416211982351615,1
2018-10-14,0.5733811782328185,1
2018-10-15,0.47364250451528306,1
2018-10-16,0.4974374686022675,1
2018-10-17,0.4974374686022675,1
2018-10-18,0.4918434037764461,1
2018-10-19,0.5346960314663758,1
2018-10-20,0.46811059496349594,1
2018-10-21,0.5375180441011422,1
2018-10-22,0.5121326390289491,1
2018-10-23,0.5383996923082912,1
2018-10-24,0.5096133234147229,1
2018-10-25,0.5805318248668168,1
2018-10-26,0.4920134598389086,1
2018-10-27,0.4544682789700965,1
2018-10-28,0.38294841819067377,1
2018-10-29,0.39204783142853533,1
2018-10-30,0.3968111468800067,1
2018-10-31,0.46535301496594755,1
2018-11-01,0.44834534024611217,1
2018-11-02,0.47705416605971523,1
2018-11-03,0.47705416605971523,1
2018-11-04,0.5107120472181036,1
2018-11-05,0.5343863704582656,1
2018-11-06,0.5085634708233122,1
2018-11-07,0.4916091288375097,1
2018-11-08,0.4536073172935665,1
2018-11-09,0.48505240413241874,1
2018-11-10,0.489595454872155,1
2018-11-11,0.46369307281109645,1
2018-11-12,0.4569434732710405,1
2018-11-13,0.4133122514479294,1
2018-11-14,0.4948433436531941,1
2018-11-15,0.5045369544118232,1
2018-11-16,0.48229475486403356,1
2018-11-17,0.5273670946949085,1
2018-11-18,0.43372265175659064,1
2018-11-19,0.5143243454303444,1
2018-11-20,0.4925243390062814,1
2018-11-21,0.47513739278047834,1
2018-11-22,0.4728271890682701,1
2018-11-23,0.4771366177906412,1
2018-11-24,0.5460107702616287,1
2018-11-25,0.5030622629186083,1
2018-11-26,0.5139393098635574,1
2018-11-27,0.5628554147386489,1
2018-11-28,0.5442645967169749,1
2018-11-29,0.5072969824539769,1
2018-11-30,0.41357660316038314,1
2018-12-01,0.466838243641572,1
2018-12-02,0.4715568050649414,1
2018-12-03,0.4738732021319735,1
2018-12-04,0.5526591634653483,1
2018-12-05,0.43113966579911417,1
2018-12-06,0.4519864207154694,1
2018-12-07,0.5056476343071136,1
2018-12-08,0.535744190718253,1
2018-12-09,0.5298019943270736,1
2018-12-10,0.5121326391737847,1
2018-12-11,0.445132694376567,1
2018-12-12,0.5149099251770131,1
2018-12-13,0.47815484633455096,1
2018-12-14,0.4824663205579239,1
2018-12-15,0.41641459847343576,1
2018-12-16,0.48710288132429,1
2018-12-17,0.5161603757560359,1
2018-12-18,0.5668193084823924,1
2018-12-19,0.616164056319501,1
2018-12-20,0.5357441907071067,1
2018-12-21,0.5805318250015195,1
2018-12-22,0.5590578270801555,1
2018-12-23,0.4751018199580533,1
2018-12-24,0.5206381099181527,1
2018-12-25,0.5384478207698851,1
2018-12-26,0.5192416899604272,1
2018-12-27,0.5390698899364449,1
2018-12-28,0.5595965981988921,1
2018-12-29,0.5690715807798243,1
2018-12-30,0.5526591634683078,1
2018-12-31,0.5506742772855796,1
2019-01-01,0.4873785410866486,1
2019-01-02,0.5091699504320696,1
2019-01-03,0.567159614836867,1
2019-01-04,0.5162836339101615,1
2019-01-05,0.41962839383935613,1
2019-01-06,0.40607511346221237,1
2019-01-07,0.4822947549361804,1
2019-01-08,0.502961475486675,1
2019-01-09,0.5567149841718446,1
2019-01-10,0.5156106558781621,1
2019-01-11,0.5984185447033012,1
2019-01-12,0.5690715807852175,1
2019-01-13,0.5002011712487298,1
2019-01-14,0.5023173054022769,1
2019-01-15,0.48567146652337173,1
2019-01-16,0.4311396657993697,1
2019-01-17,0.4311396657993697,1
2019-01-18,0.4390039436357567,1
2019-01-19,0.47251372746828424,1
2019-01-20,0.3921749880329236,1
2019-01-21,0.37025917688337673,1
2019-01-22,0.4234750728309039,1
2019-01-23,0.39876937471327384,1
2019-01-24,0.4328204250564617,1
2019-01-25,0.5425439432880244,1
2019-01-26,0.55067427732345,1
2019-01-27,0.45401315256215574,1
2019-01-28,0.5579983606394098,1
2019-01-29,0.4988447738553825,1
2019-01-30,0.43900394365523643,1
2019-01-31,0.30509910417353625,1
2019-02-01,0.36208471121647057,1
2019-02-02,0.302596018877536,1
2019-02-03,0.3539971498513518,1
2019-02-04,0.47339635677236613,1
2019-02-05,0.29143972339290974,1
2019-02-06,0.21168294050549719,1
2019-02-07,0.29977623012955135,1
2019-02-08,0.3682435094660543,1
2019-02-09,0.31777247281678117,1
2019-02-10,0.434957211912918,1
2019-02-11,0.38749354437877126,1
2019-02-12,0.37218855392894373,1
2019-02-13,0.3214321216669841,1
2019-02-14,0.3146462489449767,1
2019-02-15,0.4998316452043157,1
2019-02-16,0.5038168961581926,1
2019-02-17,0.3418553949829209,1
2019-02-18,0.46894493016603045,1
2019-02-19,0.5038112304094586,1
2019-02-20,0.6007047244011905,1
2019-02-21,0.531123550709403,1
2019-02-22,0.49884477375075925,1
2019-02-23,0.5438950304790702,1
2019-02-24,0.41801387404430446,1
2019-02-25,0.4450567645260834,1
2019-02-26,0.3681844842364038,1
2019-02-27,0.4540131524458996,1
2019-02-28,0.4259148985211456,1
2019-03-01,0.45513087718240275,1
2019-03-02,0.42964183790695026,1
2019-03-03,0.39495722865822575,1
2019-03-04,0.4170107883228448,1
2019-03-05,0.30343545839381547,1
2019-03-06,0.33239041877886716,1
2019-03-07,0.4297578712149314,1
2019-03-08,0.42068471106161276,1
2019-03-09,0.4910319242316142,1
2019-03-10,0.46160147949105274,1
2019-03-11,0.5397945577188158,1
2019-03-12,0.4774010165341603,1
2019-03-13,0.5590578270385432,1
2019-03-14,0.5590578270385432,1
2019-03-15,0.5357441906585568,1
2019-03-16,0.5491060637630137,1
2019-03-17,0.5059131895239061,1
2019-03-18,0.5029614754127135,1
2019-03-19,0.470276381190752,1
2019-03-20,0.4749073094230926,1
2019-03-21,0.4462903239704848,1
2019-03-22,0.5526591634345457,1
2019-03-23,0.5277311454268837,1
2019-03-24,0.540832835732283,1
2019-03-25,0.563242535662066,1
2019-03-26,0.5526591634432791,1
2019-03-27,0.5726990111883011,1
2019-03-28,0.5746078216592359,1
2019-03-29,0.5526591634432261,1
2019-03-30,0.4974374687767109,1
2019-03-31,0.48229475491137047,1
2019-04-01,0.45592349450408143,1
2019-04-02,0.4339745708033972,1
2019-04-03,0.47469740894179085,1
2019-04-04,0.5226216330459943,1
2019-04-05,0.4762811469797584,1
2019-04-06,0.4519864206921518,1
2019-04-07,0.4391964634175027,1
2019-04-08,0.49383147632872726,1
2019-04-09,0.5357441907039782,1
2019-04-10,0.4551308772679516,1
2019-04-11,0.48001899894461403,1
2019-04-12,0.5185306646795812,1
2019-04-13,0.5425439432748691,1
2019-04-14,0.5072969824764245,1
2019-04-15,0.4888148068015901,1
2019-04-16,0.4628152088762184,1
2019-04-17,0.540011591562531,1
2019-04-18,0.5269386601204622,1
2019-04-19,0.49743746881724965,1
2019-04-20,0.5370347800187957,1
2019-04-21,0.48229475494096186,1
2019-04-22,0.5033627467949615,1
2019-04-23,0.5096133235664139,1
2019-04-24,0.46463226120204365,1
2019-04-25,0.4885911643869893,1
2019-04-26,0.5346960316319528,1
2019-04-27,0.5231194003785559,1
2019-04-28,0.5503254041311733,1
2019-04-29,0.48473058680442743,1
2019-04-30,0.42068471113365413,1
2019-05-01,0.43229829890096405,1
2019-05-02,0.5072969824803635,1
2019-05-03,0.4800189989585445,1
2019-05-04,0.44247893112568937,1
2019-05-05,0.5375180442759869,1
2019-05-06,0.5920204995356732,1
2019-05-07,0.6036857124017697,1
2019-05-08,0.5746078217061452,1
2019-05-09,0.5583581607534478,1
2019-05-10,0.46960579452990253,1
2019-05-11,0.4589372606465458,1
2019-05-12,0.5196114335365585,1
2019-05-13,0.4519864207135552,1
2019-05-14,0.48229475493889123,1
2019-05-15,0.4178757172226356,1
2019-05-16,0.46044318461646855,1
2019-05-17,0.5134825772717478,1
2019-05-18,0.5237923906445575,1
2019-05-19,0.4719131674368212,1
2019-05-20,0.52353590437686,1
2019-05-21,0.4865695469775802,1
2019-05-22,0.47857467786710683,1
2019-05-23,0.5671596148533701,1
2019-05-24,0.5535777486089688,1
2019-05-25,0.5217145130844212,1
2019-05-26,0.5354266192428947,1
2019-05-27,0.5421881870129468,1
2019-05-28,0.5096133235620961,1
2019-05-29,0.4861746751785605,1
2019-05-30,0.5390698899410509,1
2019-05-31,0.5483320701206628,1
2019-06-01,0.5273670947619035,1
2019-06-02,0.48246632056000677,1
2019-06-03,0.5304921636135923,1
2019-06-04,0.4861746751784679,1
2019-06-05,0.4576394057636617,1
2019-06-06,0.43146228318406227,1
2019-06-07,0.4094504484871933,1
2019-06-08,0.4500168966774397,1
2019-06-09,0.4517445462400094,1
2019-06-10,0.5239671213559061,1
2019-06-11,0.5287569635443328,1
2019-06-12,0.5723635629441828,1
2019-06-13,0.6291887364566332,1
2019-06-14,0.6502387677999518,1
2019-06-15,0.6502387677915686,1
2019-06-16,0.5692675290882772,1
2019-06-17,0.5597067887667898,1
2019-06-18,0.5143243454638489,1
2019-06-19,0.48968105390743333,1
2019-06-20,0.38441056538222695,1
2019-06-21,0.3678195062446951,1
2019-06-22,0.49121830833383245,1
2019-06-23,0.3499274900888352,1
2019-06-24,0.36458190047769024,1
2019-06-25,0.4154076507745497,1
2019-06-26,0.480575031935258,1
2019-06-27,0.5800912284602018,1
2019-06-28,0.42492989735004244,1
2019-06-29,0.47499635625421777,1
2019-06-30,0.4170324150581569,1
2019-07-01,0.3413574924545657,1
2019-07-02,0.3089158398992653,1
2019-07-03,0.3246038649397912,1
2019-07-04,0.33066464267044116,1
2019-07-05,0.2912365420282869,1
2019-07-06,0.28727489390192207,1
2019-07-07,0.31030231473793224,1
2019-07-08,0.30048429730014,1
2019-07-09,0.3693439746711565,1
2019-07-10,0.3830550627079463,1
2019-07-11,0.3830550627079463,1
2019-07-12,0.2837098763170033,1
2019-07-13,0.2912175146000838,1
2019-07-14,0.3884060478133825,1
2019-07-15,0.4261699746797473,1
2019-07-16,0.45186934553601654,1
2019-07-17,0.5688497914602335,1
2019-07-18,0.539488690436956,1
2019-07-19,0.5556420014310829,1
2019-07-20,0.5394886904359073,1
2019-07-21,0.4715381896191681,1
2019-07-22,0.3113440173503259,1
2019-07-23,0.43028307983705266,1
2019-07-24,0.4970817457960385,1
2019-07-25,0.4328386363389196,1
2019-07-26,0.4915542121992388,1
2019-07-27,0.5176304029382789,1
2019-07-28,0.4885911642120413,1
2019-07-29,0.48859116418446635,1
2019-07-30,0.5721135085795036,1
2019-07-31,0.5483320699438219,1
2019-08-01,0.6306998302459964,1
2019-08-02,0.5563936054210462,1
2019-08-03,0.5723773344173948,1
2019-08-04,0.5951855640605399,1
2019-08-05,0.4888148065144071,1
2019-08-06,0.5346960313480974,1
2019-08-07,0.5346960313480973,1
2019-08-08,0.5401815215098259,1
2019-08-09,0.5626171646490462,1
2019-08-10,0.5210393009443582,1
2019-08-11,0.5139393095840238,1
2019-08-12,0.5442956365092444,1
2019-08-13,0.5012001787096297,1
2019-08-14,0.49007492728843804,1
2019-08-15,0.42116183462007983,1
2019-08-16,0.42683172184245516,1
2019-08-17,0.3668175259419968,1
2019-08-18,0.3514158838334415,1
2019-08-19,0.42814293686317545,1
2019-08-20,0.4185847663263898,1
2019-08-21,0.4781548455833007,1
2019-08-22,0.5641427862396216,1
2019-08-23,0.5438312467559758,1
2019-08-24,0.5237923898664638,1
2019-08-25,0.5039426042682345,1
2019-08-26,0.5039426042682345,1
2019-08-27,0.48420400236013067,1
2019-08-28,0.46450140310168325,1
2019-08-29,0.4447596270224664,1
2019-08-30,0.42490080805724434,1
2019-08-31,0.42490080805724434,1
2019-09-01,0.343106085950555,1
2019-09-02,0.34303972322516285,1
2019-09-03,0.32700337398345114,1
2019-09-04,0.31031213783258216,1
2019-09-05,0.2861303127403711,1
2019-09-06,0.34254354277475585,1
2019-09-07,0.263420315004185,1
2019-09-08,0.24304594563120735,1
2019-09-09,0.23977606800144127,1
2019-09-10,0.27364532016080423,1
2019-09-11,0.2675808694667328,1
2019-09-12,0.35922554215945574,1
2019-09-13,0.4620539338115962,1
2019-09-14,0.5095249606310003,1
2019-09-15,0.5318590456351199,1
2019-09-16,0.3941528073037142,1
2019-09-17,0.38623054967597964,1
2019-09-18,0.43036161626910185,1
2019-09-19,0.5300310312508483,1
2019-09-20,0.4910498004260266,1
2019-09-21,0.4652992505951331,1
2019-09-22,0.4320454021996177,1
2019-09-23,0.45240676098169996,1
2019-09-24,0.47446842154158164,1
2019-09-25,0.474326891904656,1
2019-09-26,0.4813723613704893,1
2019-09-27,0.4652992504873097,1
2019-09-28,0.5349635755610291,1
2019-09-29,0.5746078214440128,1
2019-09-30,0.46852260265293566,1
2019-10-01,0.44132916447880843,1
2019-10-02,0.46852260260246464,1
2019-10-03,0.47740101618663205,1
2019-10-04,0.4580065965677882,1
2019-10-05,0.40239437326615185,1
2019-10-06,0.43616251302224496,1
2019-10-07,0.4816157230102485,1
2019-10-08,0.45558782554234556,1
2019-10-09,0.4526090509189951,1
2019-10-10,0.4414712871670964,1
2019-10-11,0.4240799236733779,1
2019-10-12,0.3921319060156966,1
2019-10-13,0.425894287906376,1
2019-10-14,0.425894287906376,1
2019-10-15,0.3906856705598922,1
2019-10-16,0.3463615780475685,1
2019-10-17,0.5349919282420137,1
2019-10-18,0.5567149838162953,1
2019-10-19,0.5343041431936025,1
2019-10-20,0.5041683609077513,1
2019-10-21,0.44676081321465616,1
2019-10-22,0.3936887152228223,1
2019-10-23,0.37025917659696195,1
2019-10-24,0.3664355553912258,1
2019-10-25,0.41641459832048133,1
2019-10-26,0.4862261310984947,1
2019-10-27,0.4804892718344668,1
2019-10-28,0.4733963566334399,1
2019-10-29,0.45816954218791955,1
2019-10-30,0.4711665923662851,1
2019-10-31,0.5213862296951332,1
2019-11-01,0.5216433111797979,1
2019-11-02,0.45325646032948785,1
2019-11-03,0.43247093053998786,1
2019-11-04,0.4158117130717665,1
2019-11-05,0.5290578747241718,1
2019-11-06,0.507296982387987,1
2019-11-07,0.4856714664366052,1
2019-11-08,0.48001899885684396,1
2019-11-09,0.4962026919692828,1
2019-11-10,0.5854302945837248,1
2019-11-11,0.5641427869023274,1
2019-11-12,0.5476588140914237,1
2019-11-13,0.5258253739540417,1
2019-11-14,0.5224946163498063,1
2019-11-15,0.5001336154960844,1
2019-11-16,0.3756930302367496,1
2019-11-17,0.3756930302367496,1
2019-11-18,0.3475402982814876,1
2019-11-19,0.32441389383304037,1
2019-11-20,0.23505942445152936,1
2019-11-21,0.2086255286514742,1
2019-11-22,0.3809613908625955,1
2019-11-23,0.497437468814806,1
2019-11-24,0.588552861300383,1
2019-11-25,0.5176304031507011,1
2019-11-26,0.5645440885572796,1
2019-11-27,0.5746078216986349,1
2019-11-28,0.5121326391831037,1
2019-11-29,0.4691779375069627,1
2019-11-30,0.419628393863275,1
2019-12-01,0.3920478316311489,1
2019-12-02,0.39368871553532214,1
2019-12-03,0.437962819088428,1
2019-12-04,0.43619865668690244,1
2019-12-05,0.4387589591423056,1
2019-12-06,0.4596779813898201,1
2019-12-07,0.49004045308812383,1
2019-12-08,0.4643983111994227,1
2019-12-09,0.5298019943289586,1
2019-12-10,0.5333364204077118,1
2019-12-11,0.5704472428754644,1
2019-12-12,0.5626011345786597,1
2019-12-13,0.550065331696189,1
2019-12-14,0.46535301513201766,1
2019-12-15,0.45893726064700546,1
2019-12-16,0.4281440305221518,1
2019-12-17,0.46414592213426265,1
2019-12-18,0.45893726063871554,1
2019-12-19,0.5045369544663868,1
2019-12-20,0.4774010165781665,1
2019-12-21,0.4736425047217109,1
2019-12-22,0.4735711461099534,1
2019-12-23,0.558815892815559,1
2019-12-24,0.588904019861381,1
2019-12-25,0.5271598080250752,1
2019-12-26,0.46917793751475023,1
2019-12-27,0.4491298520081577,1
2019-12-28,0.38640102834540585,1
2019-12-29,0.5070814914632438,1
2019-12-30,0.3872900737130193,1
2019-12-31,0.507741991097328,1
2020-01-01,0.45364272890576957,1
2020-01-02,0.4755058870223334,1
2020-01-03,0.47550588700891044,1
2020-01-04,0.45364272889169976,1
2020-01-05,0.5210393012397933,1
2020-01-06,0.54519732573504,1
2020-01-07,0.4805075404047924,1
2020-01-08,0.4861746751344154,1
2020-01-09,0.3457856954571376,1
2020-01-10,0.4095942216536001,1
2020-01-11,0.48809408479929456,1
2020-01-12,0.4958849387888564,1
2020-01-13,0.4923580833217798,1
2020-01-14,0.39637389960277425,1
2020-01-15,0.3646034531290795,1
2020-01-16,0.35400451302466707,1
2020-01-17,0.40717621911452834,1
2020-01-18,0.4167370191252131,1
2020-01-19,0.43668001924242505,1
2020-01-20,0.391598672218943,1
2020-01-21,0.3802405483905064,1
2020-01-22,0.4785746778098004,1
2020-01-23,0.4653530150728502,1
2020-01-24,0.45112704979249707,1
2020-01-25,0.4438706161863173,1
2020-01-26,0.5260945461725145,1
2020-01-27,0.4276746960214223,1
2020-01-28,0.5217145130552375,1
2020-01-29,0.4974374687852959,1
2020-01-30,0.4075733001362174,1
2020-01-31,0.4322982988548085,1
2020-02-01,0.44912985196671706,1
2020-02-02,0.4223478414312048,1
2020-02-03,0.393811897086427,1
2020-02-04,0.3712135353950044,1
2020-02-05,0.37794426983812346,1
2020-02-06,0.3590176926228145,1
2020-02-07,0.3590176926228147,1
2020-02-08,0.5000458365923259,1
2020-02-09,0.4708096650710659,1
2020-02-10,0.428065087354687,1
2020-02-11,0.4731106575546014,1
2020-02-12,0.5669370777531308,1
2020-02-13,0.6517010550715061,1
2020-02-14,0.6367093205725173,1
2020-02-15,0.6086593281525007,1
2020-02-16,0.6640290558038828,1
2020-02-17,0.5462562629362041,1
2020-02-18,0.5543337668516646,1
2020-02-19,0.5560483208147344,1
2020-02-20,0.5374714987661562,1
2020-02-21,0.5549019711607103,1
2020-02-22,0.5520524072899745,1
2020-02-23,0.6036857123665985,1
2020-02-24,0.6110044677335453,1
2020-02-25,0.6073702206266466,1
2020-02-26,0.5690715807597795,1
2020-02-27,0.5526591634477501,1
2020-02-28,0.535744190689234,1
2020-02-29,0.49383147630604957,1
2020-03-01,0.5103798172408428,1
2020-03-02,0.4577132481109029,1
2020-03-03,0.4491298519301896,1
2020-03-04,0.44787903751325664,1
2020-03-05,0.529801994259971,1
2020-03-06,0.5420930629690663,1
2020-03-07,0.5583939607964276,1
2020-03-08,0.49462242702840115,1
2020-03-09,0.4940972094188043,1
2020-03-10,0.5176880329618413,1
2020-03-11,0.44949720927958986,1
2020-03-12,0.47264836795624166,1
2020-03-13,0.5416581046974668,1
2020-03-14,0.5052976913542764,1
2020-03-15,0.4945016952390815,1
2020-03-16,0.446290323978521,1
2020-03-17,0.47622209077336414,1
2020-03-18,0.44949469625347793,1
2020-03-19,0.4876981172638091,1
2020-03-20,0.40012387674590205,1
2020-03-21,0.5128136439064279,1
2020-03-22,0.5000084983140558,1
2020-03-23,0.43526534405304224,1
2020-03-24,0.4759096109817318,1
2020-03-25,0.4515948973979871,1
2020-03-26,0.46005885830627996,1
2020-03-27,0.34168330858656093,1
2020-03-28,0.44454901037870237,1
2020-03-29,0.4348587663108985,1
2020-03-30,0.4348587663108985,1
2020-03-31,0.252366755874366,1
2020-04-01,0.38441056540094176,1
2020-04-02,0.4912183083520005,1
2020-04-03,0.544648372471794,1
2020-04-04,0.5121326391614882,1
2020-04-05,0.49269416006050054,1
2020-04-06,0.5121326391614117,1
2020-04-07,0.5015832221666282,1
2020-04-08,0.519611433520028,1
2020-04-09,0.4762811469899389,1
2020-04-10,0.5707418628797284,1
2020-04-11,0.6434303364509489,1
2020-04-12,0.6074096451238862,1
2020-04-13,0.5290578747859305,1
2020-04-14,0.5026467232422577,1
2020-04-15,0.4851447278407186,1
2020-04-16,0.438421140098393,1
2020-04-17,0.45654508853517234,1
2020-04-18,0.5110360539301172,1
2020-04-19,0.5048030940090674,1
2020-04-20,0.4925243390330603,1
2020-04-21,0.43694827341844156,1
2020-04-22,0.4958690427481047,1
2020-04-23,0.5087416852210348,1
2020-04-24,0.5413689988107369,1
2020-04-25,0.6238416763070118,1
2020-04-26,0.5217145130554417,1
2020-04-27,0.5503254040982392,1
2020-04-28,0.5273670947403545,1
2020-04-29,0.5665528944283436,1
2020-04-30,0.5787316732931381,1
2020-05-01,0.5812833650339665,1
2020-05-02,0.6092097079704898,1
2020-05-03,0.5885528612662098,1
2020-05-04,0.6040052479425813,1
2020-05-05,0.537034779984042,1
2020-05-06,0.5196114335028036,1
2020-05-07,0.5099900477179344,1
2020-05-08,0.49046665945281387,1
2020-05-09,0.48473058675773617,1
2020-05-10,0.48473058675773617,1
2020-05-11,0.4641459220998938,1
2020-05-12,0.5576364060788594,1
2020-05-13,0.5877998164650893,1
2020-05-14,0.5907166063407826,1
2020-05-15,0.5283445753951685,1
2020-05-16,0.518933485274695,1
2020-05-17,0.47346585035165534,1
2020-05-18,0.5671441375248825,1
2020-05-19,0.49252433901876524,1
2020-05-20,0.4357839153167565,1
2020-05-21,0.43387388941996,1
2020-05-22,0.4798616902206882,1
2020-05-23,0.4590587511470963,1
2020-05-24,0.4841877236374398,1
2020-05-25,0.4958849388324454,1
2020-05-26,0.5749224260265096,1
2020-05-27,0.5416211984225068,1
2020-05-28,0.556048320840296,1
2020-05-29,0.6220839539984069,1
2020-05-30,0.5312793483894785,1
2020-05-31,0.5383996924378386,1
2020-06-01,0.5210219916074147,1
2020-06-02,0.47251372745852815,1
2020-06-03,0.5084758460268223,1
2020-06-04,0.5187121456462275,1
2020-06-05,0.4865695469576161,1
2020-06-06,0.5499148563973707,1
2020-06-07,0.4535347809253197,1
2020-06-08,0.48048927194164487,1
2020-06-09,0.5573525311889167,1
2020-06-10,0.5110360539731772,1
2020-06-11,0.5157881583070552,1
2020-06-12,0.44266592855777326,1
2020-06-13,0.47357114612042583,1
2020-06-14,0.5449110302969238,1
2020-06-15,0.5543788965951204,1
2020-06-16,0.49367054081934336,1
2020-06-17,0.3919639031576194,1
2020-06-18,0.45435672743182814,1
2020-06-19,0.5210393012715029,1
2020-06-20,0.561549947928577,1
2020-06-21,0.46209049656348594,1
2020-06-22,0.4320454024399721,1
2020-06-23,0.2502339379674099,1
2020-06-24,0.2871579031808789,1
2020-06-25,0.2804146142405109,1
2020-06-26,0.3567781965975512,1
2020-06-27,0.4045763018654003,1
2020-06-28,0.4297966364279025,1
2020-06-29,0.48961386161452297,1
2020-06-30,0.5551816525890201,1
2020-07-01,0.6502387676840062,1
2020-07-02,0.630926665485384,1
2020-07-03,0.6092097078557389,1
2020-07-04,0.6291887362920439,1
2020-07-05,0.629188736255296,1
2020-07-06,0.6291887362185569,1
2020-07-07,0.4597882418145581,1
2020-07-08,0.4896138615179293,1
2020-07-09,0.399140754744853,1
2020-07-10,0.4066115267727114,1
2020-07-11,0.39168496494080035,1
2020-07-12,0.38499764121470975,1
2020-07-13,0.5351182552296874,1
2020-07-14,0.4653530148927623,1
2020-07-15,0.4926941598051023,1
2020-07-16,0.5469007825561817,1
2020-07-17,0.5442645964362647,1
2020-07-18,0.5492722426122888,1
2020-07-19,0.5448949206705477,1
2020-07-20,0.4337570766945022,1
2020-07-21,0.40837117711809506,1
2020-07-22,0.43820130361098836,1
2020-07-23,0.3737190901054547,1
2020-07-24,0.42034443565696183,1
2020-07-25,0.5707418625477104,1
2020-07-26,0.5556083992901317,1
2020-07-27,0.610276641524778,1
2020-07-28,0.5931719854233987,1
2020-07-29,0.5721725775266157,1
2020-07-30,0.5838340173654135,1
2020-07-31,0.5838340173654134,1
2020-08-01,0.5425439430278483,1
2020-08-02,0.4339927336312976,1
2020-08-03,0.48927662542691,1
2020-08-04,0.5030622626386547,1
2020-08-05,0.4778385107048861,1
2020-08-06,0.4945199329313391,1
2020-08-07,0.5210393009227463,1
2020-08-08,0.48048927164329497,1
2020-08-09,0.4912183080588471,1
2020-08-10,0.44298905783510023,1
2020-08-11,0.45161433448404575,1
2020-08-12,0.4827628108399817,1
2020-08-13,0.4715568048825464,1
2020-08-14,0.4738732019494064,1
2020-08-15,0.5043711206712492,1
2020-08-16,0.5156106556644172,1
2020-08-17,0.5920204992711845,1
2020-08-18,0.5754913737512936,1
2020-08-19,0.5449110300524438,1
2020-08-20,0.5573525309172004,1
2020-08-21,0.5002011709541164,1
2020-08-22,0.5438805374217968,1
2020-08-23,0.5206381096377043,1
2020-08-24,0.5602947177344579,1
2020-08-25,0.5185306643879118,1
2020-08-26,0.5149099248908647,1
2020-08-27,0.5220458936710652,1
2020-08-28,0.45360731715427705,1
2020-08-29,0.4734658501156625,1
2020-08-30,0.4695079947009624,1
2020-08-31,0.5484768417472423,1
2020-09-01,0.4329284279680531,1
2020-09-02,0.4329284279680531,1
2020-09-03,0.42231912803452,1
2020-09-04,0.4290560907213973,1
2020-09-05,0.39183894615632264,1
2020-09-06,0.36956797945410175,1
2020-09-07,0.4711665922581187,1
2020-09-08,0.44924962507186234,1
2020-09-09,0.46986051591044864,1
2020-09-10,0.44810643698611075,1
2020-09-11,0.4652634431797339,1
2020-09-12,0.4959598383306714,1
2020-09-13,0.5090100507695147,1
2020-09-14,0.5027519737304296,1
2020-09-15,0.4591317680374119,1
2020-09-16,0.38010816837071687,1
2020-09-17,0.35199425132739565,1
2020-09-18,0.30819376200676935,1
2020-09-19,0.3327843585807015,1
2020-09-20,0.3259519769505405,1
2020-09-21,0.36241651962397226,1
2020-09-22,0.3353414025441217,1
2020-09-23,0.3076942898426603,1
2020-09-24,0.27906489117073746,1
2020-09-25,0.27906489117073746,1
2020-09-26,0.33858126865669824,1
2020-09-27,0.33858126865669824,1
2020-09-28,0.33858126865669824,1
2020-09-29,0.3212279269660944,1
2020-09-30,0.48420400294097676,1
2020-10-01,0.48420400294097676,1
2020-10-02,0.46450140370444165,1
2020-10-03,0.4447596276486843,1
2020-10-04,0.46980899160738526,1
2020-10-05,0.48570990659907637,1
2020-10-06,0.4473495704751959,1
2020-10-07,0.43204540223111165,1
2020-10-08,0.4187835245394704,1
2020-10-09,0.34798514782942896,1
2020-10-10,0.2886839621892871,1
2020-10-11,0.28638097016418923,1
2020-10-12,0.3550534547895166,1
2020-10-13,0.4256582094850635,1
2020-10-14,0.4240634480410082,1
2020-10-15,0.5421275026395325,1
2020-10-16,0.5101822969226444,1
2020-10-17,0.40553858430063694,1
2020-10-18,0.5394886905982937,1
2020-10-19,0.546593312260999,1
2020-10-20,0.5465933122380763,1
2020-10-21,0.3878043281925356,1
2020-10-22,0.3466315791599614,1
2020-10-23,0.3910169834532373,1
2020-10-24,0.4280005656248141,1
2020-10-25,0.35729391444965214,1
2020-10-26,0.32088134194273943,1
2020-10-27,0.3160021403532947,1
2020-10-28,0.3160021403532947,1
2020-10-29,0.37481344307734465,1
2020-10-30,0.3913395710783502,1
2020-10-31,0.38583425438658064,1
2020-11-01,0.38583425438658064,1
2020-11-02,0.3913345620399573,1
2020-11-03,0.3913345620399573,1
2020-11-04,0.27047003061532515,1
2020-11-05,0.36540511864590347,1
2020-11-06,0.368791548950605,1
2020-11-07,0.2834801620699884,1
2020-11-08,0.2834057500338718,1
2020-11-09,0.38861747642123495,1
2020-11-10,0.46989783414008024,1
2020-11-11,0.3574205073628619,1
2020-11-12,0.36879154895115956,1
2020-11-13,0.45592349444803854,1
2020-11-14,0.43668001926233957,1
2020-11-15,0.4460100155290999,1
2020-11-16,0.49039774897894933,1
2020-11-17,0.5453909423332283,1
2020-11-18,0.5462876309232279,1
2020-11-19,0.6073702206135396,1
2020-11-20,0.5961265903682703,1
2020-11-21,0.5570554648042199,1
2020-11-22,0.4510765433958618,1
2020-11-23,0.5148537235658281,1
2020-11-24,0.49023704357120595,1
2020-11-25,0.44639015599415677,1
2020-11-26,0.41611507942111714,1
2020-11-27,0.41611507942111714,1
2020-11-28,0.3852398753278544,1
2020-11-29,0.32099539815358397,1
2020-11-30,0.39520317405649547,1
2020-12-01,0.4373173645003162,1
2020-12-02,0.4441509308363165,1
2020-12-03,0.42780506464650525,1
2020-12-04,0.39535772387021056,1
2020-12-05,0.4535154258115932,1
2020-12-06,0.45166972788524334,1
2020-12-07,0.3771967646641734,1
2020-12-08,0.3841628095274168,1
2020-12-09,0.4698454929065627,1
2020-12-10,0.44608717577696716,1
2020-12-11,0.4880940846570212,1
2020-12-12,0.5493942119336958,1
2020-12-13,0.6291887363070549,1
2020-12-14,0.5746078215417326,1
2020-12-15,0.5486822105782029,1
2020-12-16,0.5121326390310258,1
2020-12-17,0.5235359042077627,1
2020-12-18,0.4369482732674878,1
2020-12-19,0.4620539337505166,1
2020-12-20,0.4733963565796762,1
2020-12-21,0.5107120471826002,1
2020-12-22,0.4923580831599537,1
2020-12-23,0.4958849386704981,1
2020-12-24,0.4702763811231864,1
2020-12-25,0.4733963566395577,1
2020-12-26,0.4800189987912584,1
2020-12-27,0.523471347046864,1
2020-12-28,0.47063007728850037,1
2020-12-29,0.39126333155405285,1
2020-12-30,0.4519864206041314,1
2020-12-31,0.43113966570900447,1
2021-01-01,0.40785917497587454,1
2021-01-02,0.422802327765363,1
2021-01-03,0.4390464698652182,1
2021-01-04,0.38737732635137007,1
2021-01-05,0.4958690426579119,1
2021-01-06,0.5383996923344607,1
2021-01-07,0.5512478780607444,1
2021-01-08,0.4861746750466416,1
2021-01-09,0.4556837097292929,1
2021-01-10,0.5099371104981113,1
2021-01-11,0.5093988122881328,1
2021-01-12,0.3936887153770299,1
2021-01-13,0.4048414379323841,1
2021-01-14,0.4013291972912798,1
2021-01-15,0.3778146762094497,1
2021-01-16,0.42863071154519017,1
2021-01-17,0.4822947548955531,1
2021-01-18,0.49523130357305717,1
2021-01-19,0.41357660313365296,1
2021-01-20,0.45592349448027786,1
2021-01-21,0.4668382436141783,1
2021-01-22,0.47072289713917986,1
2021-01-23,0.4311396657362892,1
2021-01-24,0.4399972876296519,1
2021-01-25,0.40607511343537284,1
2021-01-26,0.37437280880260954,1
2021-01-27,0.43796281904386253,1
2021-01-28,0.4150652070801095,1
2021-01-29,0.4036745839395744,1
2021-01-30,0.4146662188175641,1
2021-01-31,0.42814293754423605,1
2021-02-01,0.32334713702062196,1
2021-02-02,0.3034354584030834,1
2021-02-03,0.31891901156939906,1
2021-02-04,0.44387061619548934,1
2021-02-05,0.48001899892155253,1
2021-02-06,0.4896138618182776,1
2021-02-07,0.521714513082142,1
2021-02-08,0.5206381099281039,1
2021-02-09,0.5026467232795283,1
2021-02-10,0.5340688679321438,1
2021-02-11,0.4885911643838352,1
2021-02-12,0.4422318566622848,1
2021-02-13,0.5577576042750159,1
2021-02-14,0.5012001790818043,1
2021-02-15,0.5224783406747803,1
2021-02-16,0.5224783406665103,1
2021-02-17,0.5416211984028049,1
2021-02-18,0.500497292511904,1
2021-02-19,0.49484334366854765,1
2021-02-20,0.45555462422782195,1
2021-02-21,0.4120906246020051,1
2021-02-22,0.3858342544830352,1
2021-02-23,0.3843249690967135,1
2021-02-24,0.28047781782844644,1
2021-02-25,0.29590171775211777,1
2021-02-26,0.3070199956961835,1
2021-02-27,0.27791272321869365,1
2021-02-28,0.3592011056220611,1
2021-03-01,0.4888148067434971,1
2021-03-02,0.487033494869494,1
2021-03-03,0.3839501395185358,1
2021-03-04,0.3737666489753407,1
2021-03-05,0.35769167126884804,1
2021-03-06,0.40205817987582304,1
2021-03-07,0.3906856710439943,1
2021-03-08,0.345527387828093,1
2021-03-09,0.3590176925616165,1
2021-03-10,0.36014865249692907,1
2021-03-11,0.41331111931004216,1
2021-03-12,0.3918389463938237,1
2021-03-13,0.3533131101932278,1
2021-03-14,0.409038108426219,1
2021-03-15,0.38674559029789585,1
2021-03-16,0.4064057369947754,1
2021-03-17,0.5063533909506487,1
2021-03-18,0.5736306800053887,1
2021-03-19,0.6027557114077321,1
2021-03-20,0.5910721446069918,1
2021-03-21,0.5503254040774448,1
2021-03-22,0.6468249998251389,1
2021-03-23,0.6309266655569159,1
2021-03-24,0.5390698898708643,1
2021-03-25,0.568482342232698,1
2021-03-26,0.5723635628751665,1
2021-03-27,0.53469603154243,1
2021-03-28,0.5336963991845178,1
2021-03-29,0.4835718664574211,1
2021-03-30,0.505824180344101,1
2021-03-31,0.43796281898621464,1
2021-04-01,0.39434213849932537,1
2021-04-02,0.4755414295506457,1
2021-04-03,0.5357441906192839,1
2021-04-04,0.5355474645417208,1
2021-04-05,0.4505184883207304,1
2021-04-06,0.5416581046654272,1
2021-04-07,0.4352653439952035,1
2021-04-08,0.42852937825828785,1
2021-04-09,0.4862261311060251,1
2021-04-10,0.4862261311060251,1
2021-04-11,0.5476588140520366,1
2021-04-12,0.5476588140520366,1
2021-04-13,0.46811059500089164,1
2021-04-14,0.45198642061216654,1
2021-04-15,0.42934746830531656,1
2021-04-16,0.3576424539756309,1
2021-04-17,0.32334713700125595,1
2021-04-18,0.30649559075358584,1
2021-04-19,0.3594690675337212,1
2021-04-20,0.5012001790909618,1
2021-04-21,0.582169227863653,1
2021-04-22,0.51859583690618,1
2021-04-23,0.4516274085958057,1
2021-04-24,0.5752877255030935,1
2021-04-25,0.574024266218923,1
2021-04-26,0.5957483919716245,1
2021-04-27,0.6468249998955328,1
2021-04-28,0.6840077309817563,1
2021-04-29,0.650238767812535,1
2021-04-30,0.562855414726194,1
2021-05-01,0.5844212655772224,1
2021-05-02,0.5844212655697107,1
2021-05-03,0.5844212655622197,1
2021-05-04,0.6106720778574548,1
2021-05-05,0.570541522215502,1
2021-05-06,0.5551840299733222,1
2021-05-07,0.5256950640331192,1
2021-05-08,0.50480309399613,1
2021-05-09,0.5001336155217285,1
2021-05-10,0.586648606146113,1
2021-05-11,0.5662173103771743,1
2021-05-12,0.5336458137504565,1
2021-05-13,0.5281360943838174,1
2021-05-14,0.5099371105857049,1
2021-05-15,0.487874646299669,1
2021-05-16,0.4618221223816996,1
2021-05-17,0.3638068737548218,1
2021-05-18,0.35833049234698305,1
2021-05-19,0.3643035665508829,1
2021-05-20,0.3555072487395231,1
2021-05-21,0.446067497747879,1
2021-05-22,0.40584962973425703,1
2021-05-23,0.46802155119827443,1
2021-05-24,0.38021746239937854,1
2021-05-25,0.5308540711955285,1
2021-05-26,0.5428978169389019,1
2021-05-27,0.5466551389601378,1
2021-05-28,0.5134996719767932,1
2021-05-29,0.4906894471186441,1
2021-05-30,0.5160484953802065,1
2021-05-31,0.52948459470037,1
2021-06-01,0.5363620396102733,1
2021-06-02,0.5055807929884253,1
2021-06-03,0.4738546778991364,1
2021-06-04,0.5469007828551358,1
2021-06-05,0.5866486062059403,1
2021-06-06,0.5469007828505515,1
2021-06-07,0.5516431449105794,1
2021-06-08,0.5503254041207352,1
2021-06-09,0.5496545897431981,1
2021-06-10,0.5336963992720165,1
2021-06-11,0.49160912901286036,1
2021-06-12,0.49450169531322596,1
2021-06-13,0.4808654569100114,1
2021-06-14,0.4983437585779933,1
2021-06-15,0.5961265903726404,1
2021-06-16,0.6049975784042216,1
2021-06-17,0.5234881156810401,1
2021-06-18,0.5935840681521617,1
2021-06-19,0.6104557060428716,1
2021-06-20,0.5333364203798517,1
2021-06-21,0.49484334368403643,1
2021-06-22,0.4758777381879563,1
2021-06-23,0.4523688834189087,1
2021-06-24,0.4885911643091711,1
2021-06-25,0.5425439431812568,1
2021-06-26,0.5831640778805076,1
2021-06-27,0.5404296624481957,1
2021-06-28,0.5442645966403917,1
2021-06-29,0.4733963566679435,1
2021-06-30,0.35327029624690226,1
2021-07-01,0.3651082335753052,1
2021-07-02,0.41156415666002844,1
2021-07-03,0.3949144505344707,1
2021-07-04,0.3785181846986907,1
2021-07-05,0.44904714097308907,1
2021-07-06,0.5503254038990141,1
2021-07-07,0.5077419908977103,1
2021-07-08,0.48959545478939126,1
2021-07-09,0.5665385678118408,1
2021-07-10,0.5985018574621,1
2021-07-11,0.5985018574330311,1
2021-07-12,0.48845280425951015,1
2021-07-13,0.5166554941739752,1
2021-07-14,0.48415387926715486,1
2021-07-15,0.5126047874414933,1
2021-07-16,0.44144009725745886,1
2021-07-17,0.36991764047581294,1
2021-07-18,0.4309553190780981,1
2021-07-19,0.46917793723210627,1
2021-07-20,0.5595965979793448,1
2021-07-21,0.612560420947185,1
2021-07-22,0.4200200745860855,1
2021-07-23,0.4405870015455532,1
2021-07-24,0.4610067450797367,1
2021-07-25,0.42780506445255106,1
2021-07-26,0.41799287400072366,1
2021-07-27,0.3769324562912284,1
2021-07-28,0.3953577235113818,1
2021-07-29,0.43514234185134215,1
2021-07-30,0.3519475613888629,1
2021-07-31,0.33867069471176964,1
2021-08-01,0.33867069471176964,1
2021-08-02,0.3782397615725637,1
2021-08-03,0.3648723131930805,1
2021-08-04,0.44505220831818254,1
2021-08-05,0.4842040024503811,1
2021-08-06,0.4645014031983992,1
2021-08-07,0.4645014031983992,1
2021-08-08,0.4447596272355221,1
2021-08-09,0.42490080828030086,1
2021-08-10,0.404841437334427,1
2021-08-11,0.3844888000418682,1
2021-08-12,0.3216679765918344,1
2021-08-13,0.33975774715066726,1
2021-08-14,0.3295559595726704,1
2021-08-15,0.3888683536493983,1
2021-08-16,0.3702242312614117,1
2021-08-17,0.43362142876368553,1
2021-08-18,0.3702242312614117,1
2021-08-19,0.30968213060952954,1
2021-08-20,0.30968213060952954,1
2021-08-21,0.27596048437250476,1
2021-08-22,0.3455273876736699,1
2021-08-23,0.4254616322721698,1
2021-08-24,0.4256582095135443,1
2021-08-25,0.430322357825984,1
2021-08-26,0.49365586816892004,1
2021-08-27,0.5051338803018907,1
2021-08-28,0.515350097525377,1
2021-08-29,0.5121326391175,1
2021-08-30,0.5182774592389282,1
2021-08-31,0.5806206514991832,1
2021-09-01,0.4552070937626856,1
2021-09-02,0.5228630446047942,1
2021-09-03,0.5679416042596324,1
2021-09-04,0.5800912284598094,1
2021-09-05,0.5556420015503706,1
2021-09-06,0.5948059807203442,1
2021-09-07,0.5948059806916601,1
2021-09-08,0.5841918108987012,1
2021-09-09,0.5166554942134253,1
2021-09-10,0.45558782587201596,1
2021-09-11,0.4141223341732713,1
2021-09-12,0.3830865566455164,1
2021-09-13,0.39925070230022985,1
2021-09-14,0.44296924207178895,1
2021-09-15,0.43826938750313377,1
2021-09-16,0.43826938750313377,1
2021-09-17,0.4020581796728509,1
2021-09-18,0.41498377571895223,1
2021-09-19,0.5144851953674754,1
2021-09-20,0.4594940428333677,1
2021-09-21,0.5898424966900625,1
2021-09-22,0.5732505740222984,1
2021-09-23,0.5425439429469467,1
2021-09-24,0.5935840678647628,1
2021-09-25,0.5831640776373902,1
2021-09-26,0.5072969821257105,1
2021-09-27,0.4781548459769644,1
2021-09-28,0.4835718661938023,1
2021-09-29,0.47073964200615365,1
2021-09-30,0.5026964927816671,1
2021-10-01,0.483571866075953,1
2021-10-02,0.5182774588392529,1
2021-10-03,0.43399273351088546,1
2021-10-04,0.4313467079279117,1
2021-10-05,0.43154060440353803,1
2021-10-06,0.4505184879163602,1
2021-10-07,0.45433687675720563,1
2021-10-08,0.4277664606138198,1
2021-10-09,0.48737854063498187,1
2021-10-10,0.4858855802641519,1
2021-10-11,0.46490033471298786,1
2021-10-12,0.45592349407782573,1
2021-10-13,0.4793949414806555,1
2021-10-14,0.456418594675057,1
2021-10-15,0.456418594675057,1
2021-10-16,0.456418594675057,1
2021-10-17,0.43360068904853866,1
2021-10-18,0.42222706834453283,1
2021-10-19,0.3999519217458572,1
2021-10-20,0.37748119652127854,1
2021-10-21,0.3646529322041381,1
2021-10-22,0.3374749547727031,1
2021-10-23,0.3754155272597194,1
2021-10-24,0.4132517163916724,1
2021-10-25,0.4635648385398115,1
2021-10-26,0.5105083456694639,1
2021-10-27,0.5543337667128188,1
2021-10-28,0.5687760953654971,1
2021-10-29,0.5290578746075766,1
2021-10-30,0.36131030281770976,1
2021-10-31,0.4122998989809422,1
2021-11-01,0.41904803509406113,1
2021-11-02,0.4349753338003069,1
2021-11-03,0.4577309953150599,1
2021-11-04,0.4149430623403647,1
2021-11-05,0.5703598317743874,1
2021-11-06,0.5687760953126878,1
2021-11-07,0.5294845944674649,1
2021-11-08,0.51490992494761,1
2021-11-09,0.5140613583210311,1
2021-11-10,0.5005810270013683,1
2021-11-11,0.5093988121318576,1
2021-11-12,0.4846376868811974,1
2021-11-13,0.3879587065452684,1
2021-11-14,0.3770773729954529,1
2021-11-15,0.3770773729954529,1
2021-11-16,0.4276860108838579,1
2021-11-17,0.37379013308462783,1
2021-11-18,0.3722862768631774,1
2021-11-19,0.38679154681199873,1
2021-11-20,0.3634591872552081,1
2021-11-21,0.3854984875014802,1
2021-11-22,0.3818591283235653,1
2021-11-23,0.4934869334199962,1
2021-11-24,0.5344283532687574,1
2021-11-25,0.5128953678063892,1
2021-11-26,0.5652101213562426,1
2021-11-27,0.5567149840132437,1
2021-11-28,0.5237923904706289,1
2021-11-29,0.5048030938683804,1
2021-11-30,0.5041683610471528,1
2021-12-01,0.49099576055323946,1
2021-12-02,0.46811059492824536,1
2021-12-03,0.5026964930592763,1
2021-12-04,0.41863455646030173,1
2021-12-05,0.4429890579972526,1
2021-12-06,0.4216977500940817,1
2021-12-07,0.46330294472489886,1
2021-12-08,0.5573525311176859,1
2021-12-09,0.5646767063472985,1
2021-12-10,0.46330294472503536,1
2021-12-11,0.4081055501763665,1
2021-12-12,0.4324896981150884,1
2021-12-13,0.3411181365629692,1
2021-12-14,0.3815307673787039,1
2021-12-15,0.36681752645056503,1
2021-12-16,0.49880466148309294,1
2021-12-17,0.5134996719360326,1
2021-12-18,0.48010581766091137,1
2021-12-19,0.4734658503593329,1
2021-12-20,0.4925243390352922,1
2021-12-21,0.5516431448975327,1
2021-12-22,0.5516431448902902,1
2021-12-23,0.5646767064030163,1
2021-12-24,0.6055646898607269,1
2021-12-25,0.6074931041198549,1
2021-12-26,0.5206532497289758,1
2021-12-27,0.47781963631432833,1
2021-12-28,0.414498975712674,1
2021-12-29,0.43612117149214935,1
2021-12-30,0.42546163232591533,1
2021-12-31,0.4188477806220169,1
